iNo,cNo,imgUrl
,6,https://i.pinimg.com/736x/23/1f/53/231f536a98711727922983539a899aa9.jpg
,6,https://i.pinimg.com/736x/35/5f/e6/355fe68f18a9f303b244ef96b8b2f0ac.jpg
,6,https://i.pinimg.com/736x/25/3d/cf/253dcfd12b3f2a30e5c37a2c0ae7855d.jpg
,6,https://i.pinimg.com/736x/c5/af/41/c5af416b8496f2c05c9d510c5672bd10.jpg
,6,https://i.pinimg.com/736x/09/df/65/09df658af6763008dd2836b00d47db71.jpg
,6,https://i.pinimg.com/736x/71/7f/07/717f0712626008a39cd97597eed60431.jpg
,6,https://i.pinimg.com/736x/5e/00/04/5e00042f6f0a87197f628712d18aa914.jpg
,6,https://i.pinimg.com/736x/46/d5/a0/46d5a0854d010ae4d322736f86577458.jpg
,6,https://i.pinimg.com/736x/e1/1f/c2/e11fc2fcaa196b01e20b105e59b49f7c.jpg
,6,https://i.pinimg.com/736x/4a/8e/cd/4a8ecd6da5700c3cc4494a244e27004c.jpg
,6,https://i.pinimg.com/736x/a3/27/5a/a3275aa6e1dd04c3dfc2b75c51d663b7.jpg
,6,https://i.pinimg.com/736x/14/40/d2/1440d21d97b1900b6c45fa52cb7483fe.jpg
,6,https://i.pinimg.com/736x/7b/1a/d7/7b1ad7303f9feac4e4607017a956b8a8.jpg
,6,https://i.pinimg.com/736x/6a/06/03/6a0603df7fdeef91e7b05e5e0a61cd6f.jpg
,6,https://i.pinimg.com/736x/c5/88/3c/c5883ca045134bbc8fd874708962588c.jpg
,6,https://i.pinimg.com/736x/f0/a0/27/f0a02738250d67bd01188d957876be2c.jpg
,6,https://i.pinimg.com/736x/c8/8f/d0/c88fd0aeada9448d81eb3a22349e2f69.jpg
,6,https://i.pinimg.com/736x/9a/ed/36/9aed362eced4674958ee956004ae50d6.jpg
,6,https://i.pinimg.com/736x/4d/a1/ce/4da1cef3202a3ab21a7338d30d63b576.jpg
,6,https://i.pinimg.com/736x/a2/51/e6/a251e6732b322a2bda423d7e9d720528.jpg
,6,https://i.pinimg.com/736x/a8/39/e9/a839e9fdcf1f5a31c2d168ed0001b737.jpg
,6,https://i.pinimg.com/736x/38/43/7e/38437e6de3928f8a0bcf4d87e85c1166.jpg
,6,https://i.pinimg.com/736x/36/32/b7/3632b78584c66af38143dcbe93b7dd25.jpg
,6,https://i.pinimg.com/736x/8b/d0/6e/8bd06e4e4e4f0881dcb2e138930fb227.jpg
,6,https://i.pinimg.com/736x/ad/c4/90/adc490daff5ff97977d80eb496155cee.jpg
,6,https://i.pinimg.com/736x/10/9b/08/109b08ff6e87ea6a18350bd06a9f5601.jpg
,6,https://i.pinimg.com/736x/83/3f/96/833f96828073de2bb5186a44bd61ebe2.jpg
,6,https://i.pinimg.com/736x/c2/23/aa/c223aaa8035babd3286f3f3a61d0bff9.jpg
,6,https://i.pinimg.com/736x/f9/90/92/f99092c25f19926d05029e392d4f3fb9.jpg
,6,https://i.pinimg.com/736x/1b/80/41/1b8041d7ba6ae3a300dd33c9a06f7e42.jpg
,6,https://i.pinimg.com/736x/bd/90/40/bd9040d2ab54743cfeffeb2acbf8271c.jpg
,6,https://i.pinimg.com/736x/47/80/b6/4780b6bcff9292ad926c88ba4f6fc4ac.jpg
,6,https://i.pinimg.com/736x/a8/30/52/a830520a62b4ce5f7fe44ff2fb6f1c7c.jpg
,6,https://i.pinimg.com/736x/da/a5/a0/daa5a0a5b10fcc8dd3bbbbade75db1ef.jpg
,6,https://i.pinimg.com/736x/b0/0d/4b/b00d4baf1850793a01123e4dc63718c6.jpg
,6,https://i.pinimg.com/736x/8e/64/c6/8e64c659d35a75027923dd88c945aab3.jpg
,6,https://i.pinimg.com/736x/c3/2c/3c/c32c3cddd80daa5e99dcba89c22f1699.jpg
,6,https://i.pinimg.com/736x/e9/12/e1/e912e1d8f5a240d9369838713e9381c5.jpg
,6,https://i.pinimg.com/736x/f4/a1/7f/f4a17f998c135a38559d735c4c436b41.jpg
,6,https://i.pinimg.com/736x/13/df/11/13df110bc759c804deeedf2277b59630.jpg
,6,https://i.pinimg.com/736x/92/9d/f8/929df873c36fcebff4ecd7854343304a.jpg
,6,https://i.pinimg.com/736x/36/0d/ff/360dff6d73ed0e6a3793b78c71e0f2f0.jpg
,6,https://i.pinimg.com/736x/0e/ca/bf/0ecabf216ec439608b81427ec699da21.jpg
,6,https://i.pinimg.com/736x/c5/f2/bb/c5f2bb268c539d8d242605ccae1af3d1.jpg
,6,https://i.pinimg.com/736x/6b/56/b9/6b56b9ed73390f54b52ab1049d2e70c4.jpg
,6,https://i.pinimg.com/736x/7c/05/64/7c05645fa866475d1012e75158f9ec4b.jpg
,6,https://i.pinimg.com/736x/c6/22/ef/c622ef439c96c58c19f7967fa3b194bd.jpg
,6,https://i.pinimg.com/736x/3a/c2/55/3ac255ee5243b91bb45f735362ee0e24.jpg
,6,https://i.pinimg.com/736x/81/c9/26/81c926970f239e3d5c917977dd3d857e.jpg
,6,https://i.pinimg.com/736x/cc/b8/a7/ccb8a7ee6d1188fffd6e80ce4c8dfde2.jpg
,6,https://i.pinimg.com/736x/1f/92/8c/1f928c3836ba3e029c114f48687d3b71.jpg
,6,https://i.pinimg.com/736x/0e/a4/8d/0ea48dc5d77839258096da42ed863c3e.jpg
,6,https://i.pinimg.com/736x/21/94/2e/21942e675f1d3b223bcbea5c957455af.jpg
,6,https://i.pinimg.com/736x/98/59/89/9859892fc13e1e38afb5a9ca363f680a.jpg
,6,https://i.pinimg.com/736x/af/a5/16/afa516b56bacad4297728e5f59e289a9.jpg
,6,https://i.pinimg.com/736x/c3/96/59/c396593c3d0d2e4758e5f911dee49fda.jpg
,6,https://i.pinimg.com/736x/71/a4/a7/71a4a764b3f695b396cd82ba934a3ddc.jpg
,6,https://i.pinimg.com/736x/e2/48/fa/e248fa44ed9f040b7e40207004d5100e.jpg
,6,https://i.pinimg.com/736x/3a/ef/95/3aef9595884e18bdf8e98d31957ac802.jpg
,6,https://i.pinimg.com/736x/7f/61/85/7f6185211a7788e112fda067856823d3.jpg
,6,https://i.pinimg.com/736x/86/7a/d9/867ad91e7377935a1aea5a543544e1ce.jpg
,6,https://i.pinimg.com/736x/df/40/a3/df40a3da2845514e115a6e031b9d71ff.jpg
,6,https://i.pinimg.com/736x/1b/0f/69/1b0f69095a99c39e3aca644315fddfd1.jpg
,6,https://i.pinimg.com/736x/65/82/c0/6582c033f06b54b22fcc46b7e2d3ce65.jpg
,6,https://i.pinimg.com/736x/3d/1c/a1/3d1ca159cf1732b75d6cb5ba5f2cb83f.jpg
,6,https://i.pinimg.com/736x/52/24/ae/5224aecfa63b49f7e8460daeea099f6b.jpg
,6,https://i.pinimg.com/736x/88/d2/9a/88d29a00e03aa0b974467dae1f6ece7f.jpg
,6,https://i.pinimg.com/736x/50/4c/04/504c04adad3ee3f76124f32e624de69b.jpg
,6,https://i.pinimg.com/736x/88/98/3e/88983efcfb09cc7af477d24a282185eb.jpg
,6,https://i.pinimg.com/736x/95/b9/9a/95b99ad8a26cc1dbec86ddbadbbed15c.jpg
,6,https://i.pinimg.com/736x/6e/78/07/6e78070fcae7c23352e6654663844847.jpg
,6,https://i.pinimg.com/736x/d3/15/ef/d315efdbf6de7b82bd36345aaba4f86b.jpg
,6,https://i.pinimg.com/736x/f6/7b/85/f67b85c154a133ee7d8b342757ad76a5.jpg
,6,https://i.pinimg.com/736x/80/e2/ff/80e2ff45bb4bca7827b712c932cf8b17.jpg
,6,https://i.pinimg.com/736x/f4/99/13/f49913f43a3b653c6c45047a617da899.jpg
,6,https://i.pinimg.com/736x/d6/92/0e/d6920ebc193a9d0291aa06a92a28da47.jpg
,6,https://i.pinimg.com/736x/15/13/21/151321be8d4a443d5dbf0a7193f0e094.jpg
,6,https://i.pinimg.com/736x/c8/2b/c8/c82bc82540f2769db87af08eb5ac9b31.jpg
,6,https://i.pinimg.com/736x/0c/07/5c/0c075cff014b4c81a61ef9f287ecc027.jpg
,6,https://i.pinimg.com/736x/6b/ca/09/6bca09d850da97e34bc864e12aea8aa6.jpg
,6,https://i.pinimg.com/736x/35/42/f7/3542f7b5589edf15e20933e0226a4d10.jpg
,6,https://i.pinimg.com/736x/2e/eb/d1/2eebd14a96979a2aca654024adeba162.jpg
,6,https://i.pinimg.com/736x/3f/fb/e1/3ffbe1bd41325983f1e50a74392fee03.jpg
,6,https://i.pinimg.com/736x/de/0f/6e/de0f6eccf9026de39e8808f79b1878c3.jpg
,6,https://i.pinimg.com/736x/5a/d9/66/5ad966d55db855d507a3df78b5257a9d.jpg
,6,https://i.pinimg.com/736x/44/c4/27/44c427df36f71a48c4147cffe27fd6ac.jpg
,6,https://i.pinimg.com/736x/98/5a/6d/985a6dc8ddb47540ee020fb1cdffbe96.jpg
,6,https://i.pinimg.com/736x/06/78/b4/0678b4575ce258f062aa59ed8b1d5c5e.jpg
,6,https://i.pinimg.com/736x/5d/6d/1f/5d6d1f9c81235496384f7712db4f7dd1.jpg
,6,https://i.pinimg.com/736x/24/ec/8e/24ec8e1614f182ac5f686ce8d277a477.jpg
,6,https://i.pinimg.com/736x/b0/c3/9e/b0c39ec44f01862c5527d27ba4109c65.jpg
,6,https://i.pinimg.com/736x/c6/49/8b/c6498bc579c205df214aca96122a2d4d.jpg
,6,https://i.pinimg.com/736x/c6/46/01/c646015da5561de96df3fffdbdbf94fe.jpg
,6,https://i.pinimg.com/736x/d4/b2/65/d4b265147b207f870ebab86f538a7335.jpg
,6,https://i.pinimg.com/736x/e3/1d/ac/e31dac1284187fae4cbdb74fff7d55fc.jpg
,6,https://i.pinimg.com/736x/18/b6/d6/18b6d603805f6aa80a65662ed39627ff.jpg
,6,https://i.pinimg.com/736x/77/22/de/7722de2322d354586f95c5e9b5124e6d.jpg
,6,https://i.pinimg.com/736x/4a/84/72/4a8472cad269a2502352cf6f1df44768.jpg
,6,https://i.pinimg.com/736x/f2/eb/01/f2eb01069b2f14ee565e8085da0f6920.jpg
,6,https://i.pinimg.com/736x/87/fa/57/87fa574bc6f8ac5c0dbd29974905b70e.jpg
,6,https://i.pinimg.com/736x/80/8f/3a/808f3afefb00e238846256f23269bf13.jpg
,6,https://i.pinimg.com/736x/5c/a0/43/5ca043e3c1953ae51eca89fab59ff66c.jpg
,6,https://i.pinimg.com/736x/fe/db/39/fedb39fee34fc7f220986c9aad6cf256.jpg
,6,https://i.pinimg.com/736x/c6/01/8a/c6018a76824707ea853b630cb7eca413.jpg
,6,https://i.pinimg.com/736x/93/9c/d3/939cd3c990855127a0f72e4297ef2a6f.jpg
,6,https://i.pinimg.com/736x/dc/c8/85/dcc8851c7ac1e6645494a02101c297e6.jpg
,6,https://i.pinimg.com/736x/7f/47/7a/7f477a5bfda366b1477a639ef971daaf.jpg
,6,https://i.pinimg.com/736x/0c/44/5d/0c445d318e20dffec222ffebd0bc6b69.jpg
,6,https://i.pinimg.com/736x/8d/fb/49/8dfb49d0044795a2d92fad2921ffc442.jpg
,6,https://i.pinimg.com/736x/b5/59/22/b559229d54aed8c1bc39a4d5aa541cfb.jpg
,6,https://i.pinimg.com/736x/d4/b4/e2/d4b4e2d4944148e531461bb9974b20ca.jpg
,6,https://i.pinimg.com/736x/04/40/23/0440233b31087cf24ec6788c6cbde7fb.jpg
,6,https://i.pinimg.com/736x/df/cb/04/dfcb0440362558440ad1981696568afd.jpg
,6,https://i.pinimg.com/736x/d7/d7/33/d7d7334ba1d0fa1b4978b39ea6b2598a.jpg
,6,https://i.pinimg.com/736x/37/70/37/3770379108600db971ccc33fad24a361.jpg
,6,https://i.pinimg.com/736x/ab/8b/e2/ab8be296e433352913d05b877c18ece6.jpg
,6,https://i.pinimg.com/736x/18/f5/3d/18f53d90dd66b1c8f7cb21b34c83fae9.jpg
,6,https://i.pinimg.com/736x/26/3c/26/263c2624f49335d66c7a9a43e0474959.jpg
,6,https://i.pinimg.com/736x/b5/7e/99/b57e9928f1c4c1ac8f398ad93acce7de.jpg
,6,https://i.pinimg.com/736x/8b/5b/46/8b5b46c732c47a4d9c0d037a2ee35fe9.jpg
,6,https://i.pinimg.com/736x/13/91/a5/1391a5e8d2c8aa161dc71264a3258241.jpg
,6,https://i.pinimg.com/736x/dd/8a/69/dd8a693b4e05ec0e03952a8e69cfbff5.jpg
,6,https://i.pinimg.com/736x/c3/f6/56/c3f6563a3781cae2a2bf3d8748891ea8.jpg
,6,https://i.pinimg.com/736x/b3/a1/fd/b3a1fd08a641f187689107627b6690ab.jpg
,6,https://i.pinimg.com/736x/76/1e/0b/761e0b1d2922255b17f1d5dc6af67e0a.jpg
,6,https://i.pinimg.com/736x/9b/79/39/9b7939f7571a2361041162b08ee6b331.jpg
,6,https://i.pinimg.com/736x/0e/5c/4e/0e5c4efdcff643300f8f068aa52ee6ae.jpg
,6,https://i.pinimg.com/736x/43/7f/b1/437fb1583fa857c7993a3b14ec35bae5.jpg
,6,https://i.pinimg.com/736x/d1/e9/c7/d1e9c715fcb5456324949fc9bcc5f668.jpg
,6,https://i.pinimg.com/736x/bb/39/9f/bb399f17b3c057cf12d70ea679bc0876.jpg
,6,https://i.pinimg.com/736x/dd/63/6d/dd636df42bf156371289a9524da0ca7b.jpg
,6,https://i.pinimg.com/736x/a0/93/9d/a0939d46e9a452eb7d9cb6bf6e149048.jpg
,6,https://i.pinimg.com/736x/c8/75/3d/c8753db67038b565fa2bcebe63ef44cb.jpg
,6,https://i.pinimg.com/736x/34/bb/46/34bb46eb4fd42bb9b9e159d171e7c08c.jpg
,6,https://i.pinimg.com/736x/73/f5/9d/73f59df55e43c934db0c1bbedebe4471.jpg
,6,https://i.pinimg.com/736x/ed/f4/37/edf437267e7988ef572002c8aaf51441.jpg
,6,https://i.pinimg.com/736x/b4/4e/81/b44e815dec0d8abd88586a420a2707f5.jpg
,6,https://i.pinimg.com/736x/cf/80/91/cf8091fd683df61fcee7336fffc69391.jpg
,6,https://i.pinimg.com/736x/84/19/1e/84191e9fb6796a72bff322c4c338b232.jpg
,6,https://i.pinimg.com/736x/9a/0b/85/9a0b8584e6f5e52cd06972fddc211bc5.jpg
,6,https://i.pinimg.com/736x/8c/ae/37/8cae37191210941efbd5fd745a3991e7.jpg
,6,https://i.pinimg.com/736x/3b/e7/0d/3be70d62e50b73d6ed82053cd3ae86db.jpg
,6,https://i.pinimg.com/736x/6a/b4/48/6ab4480ee3c50567fa542a26b4ebb6f6.jpg
,6,https://i.pinimg.com/736x/67/14/2e/67142ec92ec55282308b7a9eb6c4ff5e.jpg
,6,https://i.pinimg.com/736x/4a/e4/ba/4ae4bad840a8a9780cc1261a7ae3ba1a.jpg
,6,https://i.pinimg.com/736x/88/36/83/88368310d643af54706c56434ce93d9b.jpg
,6,https://i.pinimg.com/736x/0f/95/51/0f955152bbf78a90ecf3d9352bf0558d.jpg
,6,https://i.pinimg.com/736x/7c/7f/fb/7c7ffb1ad883c9eca237eacae33c4810.jpg
,6,https://i.pinimg.com/736x/18/c1/9e/18c19eb6309f1b93b3852f19b39290d6.jpg
,6,https://i.pinimg.com/736x/be/a7/19/bea719def7ed985a758ce6755376ace7.jpg
,6,https://i.pinimg.com/736x/7a/a9/bd/7aa9bd3437dae21614941a42e24f942c.jpg
,6,https://i.pinimg.com/736x/fc/26/88/fc2688d8774fc8b2d8b3b72402b1f551.jpg
,6,https://i.pinimg.com/736x/b1/9a/12/b19a128c7bbd02fd0c89aa5bf3b47352.jpg
,6,https://i.pinimg.com/736x/82/ed/06/82ed0686d1d08d40aae355d233fc52f0.jpg
,6,https://i.pinimg.com/736x/b5/6f/5c/b56f5c737153038b415ed11c91e84545.jpg
,6,https://i.pinimg.com/736x/09/42/60/09426091594ad55abd197673ea4d641e.jpg
,6,https://i.pinimg.com/736x/cb/1f/06/cb1f069f0bb74da1f19bf9ab01e1658d.jpg
,6,https://i.pinimg.com/736x/7f/cd/00/7fcd00dd955b7d2c1cf8e69aec7a9f09.jpg
,6,https://i.pinimg.com/736x/5c/a2/58/5ca2582cbb8d4376b2c0cbd5de016414.jpg
,6,https://i.pinimg.com/736x/d1/fa/05/d1fa05cd361e7ade38a795bd172087de.jpg
,6,https://i.pinimg.com/736x/a5/2f/3c/a52f3c4039001b15fc86b4c8332fe2c3.jpg
,6,https://i.pinimg.com/736x/ec/7b/87/ec7b87c67131b98a72105d291c09875a.jpg
,6,https://i.pinimg.com/736x/85/72/da/8572dabeda42f6b4de017ffa7b6131de.jpg
,6,https://i.pinimg.com/736x/31/16/b2/3116b2443fd0c51cd48aeb43bbc89edf.jpg
,6,https://i.pinimg.com/736x/64/ac/65/64ac6512e523d9d94e8c134409e7f1ed.jpg
,6,https://i.pinimg.com/736x/a4/b5/f4/a4b5f4a8bdda471b664a4cdc440e7a8d.jpg
,6,https://i.pinimg.com/736x/04/44/c5/0444c5ea9061de37492e0435c677f59b.jpg
,6,https://i.pinimg.com/736x/ec/a3/fb/eca3fbe1ca54d5be8bb5bba09cd2a51e.jpg
,6,https://i.pinimg.com/736x/50/33/aa/5033aa382637d0a427fe16aad460137d.jpg
,6,https://i.pinimg.com/736x/f6/e5/3d/f6e53d6bb99d015ae89954c1b03ffaec.jpg
,6,https://i.pinimg.com/736x/0d/e2/d9/0de2d9db27bd0e504a069cc0911387e5.jpg
,6,https://i.pinimg.com/736x/a4/33/8e/a4338ee6774d7357942a7c85d616190f.jpg
,6,https://i.pinimg.com/736x/f5/a1/c6/f5a1c669099e0c2f31f0f7c8d01b139b.jpg
,6,https://i.pinimg.com/736x/2b/24/9b/2b249bf5c5177a47d9fff4e0934ab1dc.jpg
,6,https://i.pinimg.com/736x/9d/bc/cc/9dbccc182a252ff17a776ba67394af6c.jpg
,6,https://i.pinimg.com/736x/3e/8a/2f/3e8a2f0a53945ebe36f91ad1cc620fdc.jpg
,6,https://i.pinimg.com/736x/80/80/aa/8080aa3743673002fe3130eb646569b7.jpg
,6,https://i.pinimg.com/736x/73/2a/83/732a836a5e4a3b8238390a4f8cbe3f3a.jpg
,6,https://i.pinimg.com/736x/b2/1c/98/b21c98838a5d4d35c01dcefc9d46c140.jpg
,6,https://i.pinimg.com/736x/74/a3/9a/74a39a4f85a22ba3e45909ab60f3e0e0.jpg
,6,https://i.pinimg.com/736x/cf/6c/e4/cf6ce41d5541258ba68303b8cf4816e6.jpg
,6,https://i.pinimg.com/736x/0e/3e/9b/0e3e9b389476f233b60ae3dd5508a12c.jpg
,6,https://i.pinimg.com/736x/29/64/de/2964def4ef24e99011996aafdfa0506e.jpg
,6,https://i.pinimg.com/736x/b5/46/11/b546112bd79bc298fb4ab61079254bbb.jpg
,6,https://i.pinimg.com/736x/37/ad/41/37ad417c3c1655d6a476b443ca578ba6.jpg
,6,https://i.pinimg.com/736x/b8/fa/1b/b8fa1b32fa934cbcd36864137a8037ae.jpg
,6,https://i.pinimg.com/736x/6c/16/76/6c1676b7d1d4074c4c4c27b23fe5a1ba.jpg
,6,https://i.pinimg.com/736x/3f/d2/96/3fd2961f1ec8506153ffcf646f14454c.jpg
,6,https://i.pinimg.com/736x/ae/67/bb/ae67bb6bf9c29f862193539ee655bbaf.jpg
,6,https://i.pinimg.com/736x/08/11/a5/0811a508651a189f8108fadd3f812c54.jpg
,6,https://i.pinimg.com/736x/4a/3f/36/4a3f364d2b7c5fedb4afa116a0ab1d55.jpg
,6,https://i.pinimg.com/736x/a5/a8/02/a5a802b648b64bd24f70a88c267f30f9.jpg
,6,https://i.pinimg.com/736x/60/1d/f5/601df5ff8ff8dc5f40b001120ff6539b.jpg
,6,https://i.pinimg.com/736x/15/09/20/1509209dc74b08952560492b54565f98.jpg
,6,https://i.pinimg.com/736x/7d/64/ed/7d64edbb622633349b211ea9c04db4ee.jpg
,6,https://i.pinimg.com/736x/c8/ad/46/c8ad463a3481bb35f65276fd5d5488d9.jpg
,6,https://i.pinimg.com/736x/b5/a9/64/b5a9640b8269adbea46183e9ae436e4a.jpg
,6,https://i.pinimg.com/736x/6d/94/ff/6d94ffb1210449bfbdd978d782efc126.jpg
,6,https://i.pinimg.com/736x/c7/eb/92/c7eb929c324d3bcdf2766f25f4f358db.jpg
,6,https://i.pinimg.com/736x/2d/79/54/2d795458b78e8e5c854c360ebb050fd1.jpg
,6,https://i.pinimg.com/736x/4d/96/49/4d96493a23d7f969eb35baed45231e6d.jpg
,6,https://i.pinimg.com/736x/38/5a/9b/385a9b251c949891549f061d546776f0.jpg
,6,https://i.pinimg.com/736x/72/2c/e6/722ce6e12e33d24b69417c394e43527c.jpg
,6,https://i.pinimg.com/736x/ed/60/97/ed6097897d0facc14f0e460a65318c83.jpg
,6,https://i.pinimg.com/736x/43/00/08/4300080b918effb61ddc329b9d48b0ff.jpg
,6,https://i.pinimg.com/736x/f5/41/3d/f5413dcde7cfdd96a35af859d61ed7d1.jpg
,6,https://i.pinimg.com/736x/cf/2d/fa/cf2dfa4bf547c7d38d391d44ae3e36bb.jpg
,6,https://i.pinimg.com/736x/22/db/ec/22dbeca93385f5c8c969b663e0a9fbe4.jpg
,6,https://i.pinimg.com/736x/a2/aa/91/a2aa91a0cb6dd48f3f47d260ba92e162.jpg
,6,https://i.pinimg.com/736x/de/5e/43/de5e43553026ba84698cf8add3e9f00f.jpg
,6,https://i.pinimg.com/736x/b6/61/ba/b661ba0062448f5011db38952cc71405.jpg
,6,https://i.pinimg.com/736x/89/27/c2/8927c245d5b0d7e7f0048430f9fd4100.jpg
,6,https://i.pinimg.com/736x/cd/7d/37/cd7d37b40ca4dfb53393970d15844ce4.jpg
,6,https://i.pinimg.com/736x/99/1a/b5/991ab5fb9a359e64573c9afea016f86c.jpg
,6,https://i.pinimg.com/736x/99/ee/07/99ee075f02e3091ce5ea9e0a22aa744f.jpg
,6,https://i.pinimg.com/736x/cf/89/61/cf8961c1d1f17ce00ae62e1f5ea9b8b2.jpg
,6,https://i.pinimg.com/736x/a2/ef/f2/a2eff29a14dede3353866c5e77ea1c6a.jpg
,6,https://i.pinimg.com/736x/ea/52/1e/ea521ee9e5ab69aa403d9b9c6120361d.jpg
,6,https://i.pinimg.com/736x/93/5b/48/935b48e60915c2d7da677afaf67f5402.jpg
,6,https://i.pinimg.com/736x/d2/29/2d/d2292d195a7b97b0398b985c4c1d623d.jpg
,6,https://i.pinimg.com/736x/b1/29/75/b129753f256f9c9f78a50a4bde359414.jpg
,6,https://i.pinimg.com/736x/ba/23/94/ba2394620d0eddbc76eaf65826963bb0.jpg
,6,https://i.pinimg.com/736x/cd/7a/59/cd7a59478fec0c0fd7a54d73452fb34e.jpg
,6,https://i.pinimg.com/736x/a9/bf/b5/a9bfb543abf33854a1b5dbd439d4327c.jpg
,6,https://i.pinimg.com/736x/5c/0c/c9/5c0cc9f0cd1361e52df51d3eaecf441f.jpg
,6,https://i.pinimg.com/736x/ec/ea/39/ecea399e03aee17e2b4e9dfcad247f08.jpg
,6,https://i.pinimg.com/736x/e0/41/da/e041da1c254075e61c33fbca487c75f9.jpg
,6,https://i.pinimg.com/736x/85/18/4a/85184a76043691921c65d6106fbe8dff.jpg
,6,https://i.pinimg.com/736x/1d/81/22/1d8122ed3e272c4b9e756d2a1712c7dd.jpg
,6,https://i.pinimg.com/736x/04/6d/82/046d8273a6612882bdbdb17702b92d83.jpg
,6,https://i.pinimg.com/736x/b3/25/f9/b325f9c150410309c10e1e3bd025eab6.jpg
,6,https://i.pinimg.com/736x/48/7a/26/487a265d7d53d0fb2ee7e2588c3dc5ce.jpg
,6,https://i.pinimg.com/736x/25/d9/a9/25d9a952f886b3da809cb384486bde2f.jpg
,6,https://i.pinimg.com/736x/5f/ca/a4/5fcaa413342e2a5ea56652e16aaba172.jpg
,6,https://i.pinimg.com/736x/30/8a/9c/308a9c7db2cdffd26e120edd05854792.jpg
,6,https://i.pinimg.com/736x/39/9e/e3/399ee3149f7d961bcc3ad2c6d24e2d3b.jpg
,6,https://i.pinimg.com/736x/e8/89/42/e889429f83ee6c63f3f1450fc45ef959.jpg
,6,https://i.pinimg.com/736x/73/f9/f7/73f9f7972b64cc1e7365b36020e63cf3.jpg
,6,https://i.pinimg.com/736x/53/1b/0b/531b0bdcd181fbfc2a9142ab594a9f74.jpg
,6,https://i.pinimg.com/736x/ad/64/cd/ad64cdf2b28262a71563ca586a42e555.jpg
,6,https://i.pinimg.com/736x/69/50/e3/6950e36dd53b9d7188dbc4ec12f3fc1a.jpg
,6,https://i.pinimg.com/736x/dc/e7/bb/dce7bba1ad12fd80206f1db3f0804e42.jpg
,6,https://i.pinimg.com/736x/28/11/bd/2811bd1a2ef97130a7fcfae47ce4ef77.jpg
,6,https://i.pinimg.com/736x/0f/7a/c2/0f7ac2451a511553f01c11b4995a82ac.jpg
,6,https://i.pinimg.com/736x/ba/d4/6f/bad46f2580d54ea03722d9a0159d3240.jpg
,6,https://i.pinimg.com/736x/29/93/23/299323a549bf36e6fe972c722b9eed16.jpg
,6,https://i.pinimg.com/736x/b0/01/ca/b001ca422b770dba27c3d70f7a139623.jpg
,6,https://i.pinimg.com/736x/5e/03/a7/5e03a77d625fdfc477042adf75a668ed.jpg
,6,https://i.pinimg.com/736x/df/2c/c5/df2cc511e6132d1da872ffe23d2ca9b4.jpg
,6,https://i.pinimg.com/736x/fe/b3/5d/feb35ddf91d0c505e5c402afe6206f12.jpg
,6,https://i.pinimg.com/736x/e1/cf/2c/e1cf2c961f44951150678e97ce79b4d8.jpg
,6,https://i.pinimg.com/736x/b2/b8/ee/b2b8ee3719e5d1f618dd66c3d2123681.jpg
,6,https://i.pinimg.com/736x/c7/b5/1f/c7b51f02a53477805fe20d05c265d3c8.jpg
,6,https://i.pinimg.com/736x/95/c6/f5/95c6f5b8c09876c83fbe69e9780262ac.jpg
,6,https://i.pinimg.com/736x/d9/c7/3a/d9c73a0d75bbd54a2e77c224f6852bdc.jpg
,6,https://i.pinimg.com/736x/b3/17/76/b31776500e26d0af6cc7e597b7e2faf3.jpg
,6,https://i.pinimg.com/736x/d3/94/64/d39464fed72a92450e6f3e0144e18dfd.jpg
,6,https://i.pinimg.com/736x/3d/1f/e3/3d1fe33727459210c9bd5f5ce4d595e9.jpg
,6,https://i.pinimg.com/736x/6d/af/29/6daf298746b43f8c5ddc04bd05cd83b2.jpg
,6,https://i.pinimg.com/736x/2a/a0/9b/2aa09b409206d5c40afec4432df1b16e.jpg
,6,https://i.pinimg.com/736x/9b/61/58/9b6158aada267a780687e62fc7d51823.jpg
,6,https://i.pinimg.com/736x/f9/2c/69/f92c69cd2c74fdd4b63abbb3ac66289b.jpg
,6,https://i.pinimg.com/736x/e3/0c/d6/e30cd60b8bb93841b6d70db4a0b8efa5.jpg
,6,https://i.pinimg.com/736x/ce/aa/89/ceaa8957b2916893ae6f5eb6bef240c5.jpg
,6,https://i.pinimg.com/736x/1a/52/17/1a52174bc1bf2efc5d19346faf890d38.jpg
,6,https://i.pinimg.com/736x/f4/06/68/f4066835d9e54b83451144a36b99c9e5.jpg
,6,https://i.pinimg.com/736x/29/4f/db/294fdb15ff4a64b78c6358476e13173a.jpg
,6,https://i.pinimg.com/736x/c9/b3/32/c9b332e924036c9f8e495e7254815494.jpg
,6,https://i.pinimg.com/736x/39/a8/ec/39a8ecd229fcd0e98e8b3df65dce0a54.jpg
,6,https://i.pinimg.com/736x/48/1e/0c/481e0c2607c2758bed76b0335896d12f.jpg
,6,https://i.pinimg.com/736x/fa/7c/9b/fa7c9b4744685a08ee9e5de4413fb740.jpg
,6,https://i.pinimg.com/736x/bd/a1/b5/bda1b50c75fc76c23afdf3dfa8c48881.jpg
,6,https://i.pinimg.com/736x/93/1b/9c/931b9c51f4ed32d5f0b7de821003c3e7.jpg
,6,https://i.pinimg.com/736x/74/ad/d4/74add48f5f9a3e01d1b28996ddf78b6e.jpg
,6,https://i.pinimg.com/736x/61/89/e3/6189e3b3bbc28eaf7ffd7ed4a54eb194.jpg
,6,https://i.pinimg.com/736x/30/fd/de/30fdde2eee8115cbb68389ab7b346eee.jpg
,6,https://i.pinimg.com/736x/f2/11/15/f2111598e97679cec868c05c596eb852.jpg
,6,https://i.pinimg.com/736x/7d/6d/f3/7d6df34c913520cd83a008d2cc28d599.jpg
,6,https://i.pinimg.com/736x/63/18/d8/6318d89a0b8e22929ee0e20b0108a39f.jpg
,6,https://i.pinimg.com/736x/60/e8/fc/60e8fc16f8d8d9684de400cdae92e636.jpg
,6,https://i.pinimg.com/736x/c2/03/5a/c2035ac0d8bed87c42ea36f8c80a7b41.jpg
,6,https://i.pinimg.com/736x/e9/23/22/e923225c1feca8ad7a0d72427230fb9e.jpg
,6,https://i.pinimg.com/736x/8e/b3/15/8eb315d31dcd57e6aff73e7600a1f290.jpg
,6,https://i.pinimg.com/736x/00/ac/de/00acde2adc67a9f940ec0ff4da4b7936.jpg
,6,https://i.pinimg.com/736x/01/65/02/016502e2e8078f3f54c1021f5796dead.jpg
,6,https://i.pinimg.com/736x/ae/0c/a0/ae0ca0e3222df11213f5d39446bb96bb.jpg
,6,https://i.pinimg.com/736x/86/32/ea/8632eae4673fae7f278d522d5b349659.jpg
,6,https://i.pinimg.com/736x/10/d7/b2/10d7b2bb4b9352505aa7c6a396d4527a.jpg
,6,https://i.pinimg.com/736x/79/8c/99/798c9919a0b8f308e9e4f441dcc9fc2e.jpg
,6,https://i.pinimg.com/736x/6c/e7/60/6ce760a307e4ecaebf0d3ce85c5062f1.jpg
,6,https://i.pinimg.com/736x/f5/46/ea/f546ea01a67c318362d7214560ccc9cf.jpg
,6,https://i.pinimg.com/736x/bc/94/56/bc9456290d89bdceb16cb5f4e1b4c18c.jpg
,6,https://i.pinimg.com/736x/41/47/68/414768331da40f75abbf35c5fb9fb042.jpg
,6,https://i.pinimg.com/736x/93/30/2b/93302bc48f0279303cb2d2c501cfe49b.jpg
,6,https://i.pinimg.com/736x/2f/0d/58/2f0d5890d9a8a0c0f226c8c2f1e4885b.jpg
,6,https://i.pinimg.com/736x/4f/69/e9/4f69e95745e6b4da5a42c5df297e0c54.jpg
,6,https://i.pinimg.com/736x/db/d2/6b/dbd26bf78352b1dcdde90c143622364c.jpg
,6,https://i.pinimg.com/736x/a0/b0/fa/a0b0fa3077aaee1fe5e7247b677ca5f0.jpg
,6,https://i.pinimg.com/736x/63/2f/17/632f17f29c227b77663a76096bb13d76.jpg
,6,https://i.pinimg.com/736x/f9/0c/59/f90c599e415acdaacbfd2220195e7b40.jpg
,6,https://i.pinimg.com/736x/ca/7a/0c/ca7a0c3b99ac9c6bbc6ec953c1c5f304.jpg
,6,https://i.pinimg.com/736x/39/68/65/3968652ee52470c16e00ff0559d76ba2.jpg
,6,https://i.pinimg.com/736x/30/e5/27/30e5273d162c0c5c220c724c4766e88d.jpg
,6,https://i.pinimg.com/736x/fa/f6/67/faf66713e1baa336b1894b601ed33d0b.jpg
,6,https://i.pinimg.com/736x/64/f9/ee/64f9ee88904b9d7b3292cf05d4d53bb6.jpg
,6,https://i.pinimg.com/736x/3c/d8/cf/3cd8cf460f6f64ba09a19fa6c14c3d5e.jpg
,6,https://i.pinimg.com/736x/72/88/68/728868192443a985c81b5d1e5f3a1c17.jpg
,6,https://i.pinimg.com/736x/95/3d/1b/953d1b953ec42308d20027f8d99b59e0.jpg
,6,https://i.pinimg.com/736x/da/6f/3a/da6f3a6305596079b891bdb35d53b5f4.jpg
,6,https://i.pinimg.com/736x/12/91/49/129149b156d5a1f48473385f0811f3d4.jpg
,6,https://i.pinimg.com/736x/2e/c1/7c/2ec17cca24c4d8f7e9619a05cfc5f1c3.jpg
,6,https://i.pinimg.com/736x/f8/ea/3a/f8ea3a35c9702ee575b468d1de4511b0.jpg
,6,https://i.pinimg.com/736x/e6/ad/f3/e6adf3975dd0d165ae8c3ae262e31507.jpg
,6,https://i.pinimg.com/736x/85/10/d7/8510d75a82c2387dc583dab772976f6f.jpg
,6,https://i.pinimg.com/736x/6b/f4/47/6bf44721c29b53bc5026edffa3ac7e74.jpg
,6,https://i.pinimg.com/736x/04/fe/bc/04febcf50501a2e84db4c8ee48ee29a9.jpg
,6,https://i.pinimg.com/736x/5a/27/06/5a270603b32c3046049d1bbc6659cc19.jpg
,6,https://i.pinimg.com/736x/90/e8/1e/90e81e7537f5d7a0d6ba73b28a446a66.jpg
